code_experience;type;score;tn;fp;fn;tp;fpr;fnr;precision;rappel;specificite;erreur_model;k;n_components;kernel;n_estimators;k_neighbors;t_training;t_test
ngram3_mic_nmf_lg;I;0.787;89;22;20;66;0.198;0.233;0.75;0.767;0.802;42;2500;200;;0;0;651.084;4.497
ngram3_mic_nmf_rf;I;0.863;103;8;19;67;0.072;0.221;0.893;0.779;0.928;27;2500;200;;500;0;1900.591;3.983
ngram3_mic_nmf_svm;I;0.68;67;44;19;67;0.396;0.221;0.604;0.779;0.604;63;2500;250;linear;0;0;2473.181;6.401
ngram3_mic_lsa_lg;I;0.792;93;18;23;63;0.162;0.267;0.778;0.733;0.838;41;2500;250;;0;0;48.926;0.099
ngram3_mic_lsa_rf;I;0.853;86;25;4;82;0.225;0.047;0.766;0.953;0.775;29;2000;200;;750;0;231.688;0.125
ngram3_mic_lsa_svm;I;0.772;75;36;9;77;0.324;0.105;0.681;0.895;0.676;45;2000;250;rbf;0;0;221.637;0.11
ngram3_mic_ipca_lg;I;0.756;90;21;27;59;0.189;0.314;0.738;0.686;0.811;48;2000;200;;0;0;42.74;0.082
ngram3_mic_ipca_rf;I;0.868;91;20;6;80;0.18;0.07;0.8;0.93;0.82;26;2000;200;;750;0;160.857;0.117
ngram3_mic_ipca_svm;I;0.766;75;36;10;76;0.324;0.116;0.679;0.884;0.676;46;2000;250;rbf;0;0;150.313;0.1
ngram3_ki2_nmf_lg;I;0.782;84;27;16;70;0.243;0.186;0.722;0.814;0.757;43;2000;200;;0;0;525.89;2.157
ngram3_ki2_nmf_rf;I;0.838;100;11;21;65;0.099;0.244;0.855;0.756;0.901;32;2000;250;;1000;0;1588.502;2.94
ngram3_ki2_nmf_svm;I;0.756;81;30;18;68;0.27;0.209;0.694;0.791;0.73;48;2000;200;linear;0;0;2050.858;3.884
ngram3_ki2_lsa_lg;I;0.782;86;25;18;68;0.225;0.209;0.731;0.791;0.775;43;2500;200;;0;0;8.756;0.075
ngram3_ki2_lsa_rf;I;0.853;88;23;6;80;0.207;0.07;0.777;0.93;0.793;29;2500;200;;1000;0;64.492;0.123
ngram3_ki2_lsa_svm;I;0.817;81;30;6;80;0.27;0.07;0.727;0.93;0.73;36;2000;250;rbf;0;0;21.62;0.097
ngram3_ki2_ipca_lg;I;0.787;88;23;19;67;0.207;0.221;0.744;0.779;0.793;42;2500;200;;0;0;4.131;0.078
ngram3_ki2_ipca_rf;I;0.843;88;23;8;78;0.207;0.093;0.772;0.907;0.793;31;2000;250;;500;0;63.716;0.117
ngram3_ki2_ipca_svm;I;0.812;81;30;7;79;0.27;0.081;0.725;0.919;0.73;37;2000;250;rbf;0;0;25.601;0.186
tfidf_mic_nmf_lg;I;0.655;45;66;2;84;0.595;0.023;0.56;0.977;0.405;68;2000;250;;0;0;353.352;0.266
tfidf_mic_nmf_rf;I;0.873;96;15;10;76;0.135;0.116;0.835;0.884;0.865;25;2000;200;;750;0;950.1;0.235
tfidf_mic_nmf_svm;I;0.563;26;85;1;85;0.766;0.012;0.5;0.988;0.234;86;2000;200;linear;0;0;6195.304;0.149
tfidf_mic_lsa_lg;I;0.832;87;24;9;77;0.216;0.105;0.762;0.895;0.784;33;2000;200;;0;0;72.17;0.03
tfidf_mic_lsa_rf;I;0.848;89;22;8;78;0.198;0.093;0.78;0.907;0.802;30;2000;200;;1000;0;290.091;0.155
tfidf_mic_lsa_svm;I;0.853;90;21;8;78;0.189;0.093;0.788;0.907;0.811;29;2500;200;linear;0;0;269.635;0.045
tfidf_mic_ipca_lg;I;0.838;88;23;9;77;0.207;0.105;0.77;0.895;0.793;32;2000;250;;0;0;71.174;0.033
tfidf_mic_ipca_rf;I;0.802;79;32;7;79;0.288;0.081;0.712;0.919;0.712;39;2000;250;;500;0;290.298;0.113
tfidf_mic_ipca_svm;I;0.853;90;21;8;78;0.189;0.093;0.788;0.907;0.811;29;2500;200;linear;0;0;302.625;0.058
tfidf_ki2_nmf_lg;I;0.467;17;94;11;75;0.847;0.128;0.444;0.872;0.153;105;2000;200;;0;0;312.692;0.161
tfidf_ki2_nmf_rf;I;0.858;101;10;18;68;0.09;0.209;0.872;0.791;0.91;28;2000;200;;750;0;661.68;0.233
tfidf_ki2_nmf_svm;I;0.437;0;111;0;86;1.0;0.0;0.437;1.0;0.0;111;2000;250;rbf;0;0;867.997;0.176
tfidf_ki2_lsa_lg;I;0.853;90;21;8;78;0.189;0.093;0.788;0.907;0.811;29;2000;250;;0;0;2.58;0.047
tfidf_ki2_lsa_rf;I;0.853;90;21;8;78;0.189;0.093;0.788;0.907;0.811;29;2000;200;;750;0;94.471;0.123
tfidf_ki2_lsa_svm;I;0.858;92;19;9;77;0.171;0.105;0.802;0.895;0.829;28;2500;250;linear;0;0;11.948;0.049
tfidf_ki2_ipca_lg;I;0.838;87;24;8;78;0.216;0.093;0.765;0.907;0.784;32;2000;200;;0;0;1.734;0.035
tfidf_ki2_ipca_rf;I;0.878;99;12;12;74;0.108;0.14;0.86;0.86;0.892;24;2500;200;;500;0;91.984;0.108
tfidf_ki2_ipca_svm;I;0.843;90;21;10;76;0.189;0.116;0.784;0.884;0.811;31;2500;250;linear;0;0;8.777;0.05
tf_mic_nmf_lg;I;0.645;66;45;25;61;0.405;0.291;0.575;0.709;0.595;70;2000;200;;0;0;530.253;0.275
tf_mic_nmf_rf;I;0.766;75;36;10;76;0.324;0.116;0.679;0.884;0.676;46;2500;250;;750;0;1190.329;0.331
tf_mic_nmf_svm;I;0.772;88;23;22;64;0.207;0.256;0.736;0.744;0.793;45;2000;250;linear;0;0;1421.241;0.269
tf_mic_lsa_lg;I;0.868;99;12;14;72;0.108;0.163;0.857;0.837;0.892;26;2000;200;;0;0;72.954;0.031
tf_mic_lsa_rf;I;0.827;85;26;8;78;0.234;0.093;0.75;0.907;0.766;34;2500;200;;750;0;294.28;0.124
tf_mic_lsa_svm;I;0.802;95;16;23;63;0.144;0.267;0.797;0.733;0.856;39;2000;250;linear;0;0;266.663;0.04
tf_mic_ipca_lg;I;0.878;97;14;10;76;0.126;0.116;0.844;0.884;0.874;24;2000;250;;0;0;70.889;0.03
tf_mic_ipca_rf;I;0.827;89;22;12;74;0.198;0.14;0.771;0.86;0.802;34;2000;200;;750;0;288.867;0.165
tf_mic_ipca_svm;I;0.838;94;17;15;71;0.153;0.174;0.807;0.826;0.847;32;2000;250;linear;0;0;265.265;0.045
tf_ki2_nmf_lg;I;0.711;71;40;17;69;0.36;0.198;0.633;0.802;0.64;57;2000;200;;0;0;351.618;0.26
tf_ki2_nmf_rf;I;0.797;101;10;30;56;0.09;0.349;0.848;0.651;0.91;40;2500;250;;1000;0;1129.226;0.365
tf_ki2_nmf_svm;I;0.711;70;41;16;70;0.369;0.186;0.631;0.814;0.631;57;2500;200;linear;0;0;1787.494;0.355
tf_ki2_lsa_lg;I;0.873;98;13;12;74;0.117;0.14;0.851;0.86;0.883;25;2500;200;;0;0;4.941;0.058
tf_ki2_lsa_rf;I;0.838;89;22;10;76;0.198;0.116;0.776;0.884;0.802;32;2000;200;;750;0;117.723;0.156
tf_ki2_lsa_svm;I;0.817;99;12;24;62;0.108;0.279;0.838;0.721;0.892;36;2000;200;linear;0;0;21.025;0.084
tf_ki2_ipca_lg;I;0.848;99;12;18;68;0.108;0.209;0.85;0.791;0.892;30;2000;200;;0;0;4.056;0.065
tf_ki2_ipca_rf;I;0.853;95;16;13;73;0.144;0.151;0.82;0.849;0.856;29;2000;200;;750;0;123.984;0.175
tf_ki2_ipca_svm;I;0.832;98;13;20;66;0.117;0.233;0.835;0.767;0.883;33;2000;200;linear;0;0;18.245;0.08
tf_mic_nmf_kn;I;0.589;82;29;52;34;0.261;0.605;0.54;0.395;0.739;81;2000;200;;0;3;759.357;0.179
tf_mic_lsa_kn;I;0.533;71;40;52;34;0.36;0.605;0.459;0.395;0.64;92;2000;200;;0;3;136.103;0.058
tf_mic_ipca_kn;I;0.523;71;40;54;32;0.36;0.628;0.444;0.372;0.64;94;2000;200;;0;3;137.003;0.058
tf_ki2_nmf_kn;I;0.604;80;31;47;39;0.279;0.547;0.557;0.453;0.721;78;2000;200;;0;3;800.169;0.314
tf_ki2_lsa_kn;I;0.523;65;46;48;38;0.414;0.558;0.452;0.442;0.586;94;2000;200;;0;3;9.438;0.057
tf_ki2_ipca_kn;I;0.523;65;46;48;38;0.414;0.558;0.452;0.442;0.586;94;2000;200;;0;3;4.94;0.064
tfidf_mic_nmf_kn;I;0.655;73;38;30;56;0.342;0.349;0.596;0.651;0.658;68;2500;200;;0;3;608.985;0.22
tfidf_mic_lsa_kn;I;0.64;104;7;64;22;0.063;0.744;0.759;0.256;0.937;71;2000;200;;0;5;137.797;0.056
tfidf_mic_ipca_kn;I;0.64;106;5;66;20;0.045;0.767;0.8;0.233;0.955;71;2000;200;;0;5;138.188;0.07
tfidf_ki2_nmf_kn;I;0.675;81;30;34;52;0.27;0.395;0.634;0.605;0.73;64;2000;200;;0;5;461.366;0.127
tfidf_ki2_lsa_kn;I;0.645;106;5;65;21;0.045;0.756;0.808;0.244;0.955;70;2000;200;;0;5;6.336;0.062
tfidf_ki2_ipca_kn;I;0.675;108;3;61;25;0.027;0.709;0.893;0.291;0.973;64;2000;200;;0;5;4.959;0.066
ngram3_mic_nmf_kn;I;0.68;88;23;40;46;0.207;0.465;0.667;0.535;0.793;63;2500;200;;0;3;1097.015;2.186
ngram3_mic_lsa_kn;I;0.797;99;12;28;58;0.108;0.326;0.829;0.674;0.892;40;2500;200;;0;5;151.765;0.135
ngram3_mic_ipca_kn;I;0.817;98;13;23;63;0.117;0.267;0.829;0.733;0.883;36;2000;200;;0;3;151.185;0.159
ngram3_ki2_nmf_kn;I;0.594;71;40;40;46;0.36;0.465;0.535;0.535;0.64;80;2500;250;;0;3;944.181;2.874
ngram3_ki2_lsa_kn;I;0.802;96;15;24;62;0.135;0.279;0.805;0.721;0.865;39;2000;200;;0;3;15.091;0.146
ngram3_ki2_ipca_kn;I;0.797;96;15;25;61;0.135;0.291;0.803;0.709;0.865;40;2000;200;;0;3;14.798;0.183
